Layer,Neuron,Description,Score,Revision_Score,Top_Activating_Tokens
7,5276,"Based on the provided examples, neuron 5276 in layer 7 appears to activate in response to tokens that are part of a linguistic pattern associated with normative or prescriptive language—essentially, language related to rules, obligations, or standards that should be followed or respected. Here's a breakdown of the pattern and context:",0.9722442626953125,"{'original_top': 0.7892051935195923, 'revised_top': 0.0, 'original_random': 0.0, 'revised_random': 0.0}", should (2.114) |  should (1.899) |  should (1.717) |  should (1.287) |  following (0.931)
8,755,"This neuron (layer 8, index 755) appears to be primarily responsive to tokens that are directly involved in expressions of trust, respect, or compassion in interpersonal or ethical contexts. Let's break down the pattern based on the examples provided:",0.9056267142295837,"{'original_top': 0.4564354419708252, 'revised_top': 1.0, 'original_random': 0.0, 'revised_random': 0.0}", is (0.148) |  partners (0.145) |  religious (0.137) |  religious (0.137) |  listening (0.130)
11,2295,"This neuron appears to be highly responsive to terms that are semantically linked to the protection, welfare, and rights of individuals or groups, often in the context of societal or communal responsibilities. The activation pattern suggests a focus on specific keywords associated with ensuring safety, health, and inclusivity.",0.8753478527069092,"{'original_top': -0.09090908616781235, 'revised_top': -0.25482359528541565, 'original_random': 0.0, 'revised_random': 0.0}", health (0.290) |  security (0.284) |  testing (0.257) |  well (0.245) |  disabilities (0.215)
12,1164,"The neuron in question (layer 12, index 1164) appears to be particularly sensitive to tokens related to formal structures or entities related to authority, decision-making, and organized governance. Here is a breakdown of the observed activation patterns:",0.851253867149353,"{'original_top': -0.2182178944349289, 'revised_top': 0.5049193501472473, 'original_random': 0.0, 'revised_random': 0.0}", corporate (0.212) |  owners (0.207) |  of (0.204) |  committee (0.191) |  court (0.184)
12,1984,"This neuron, located at layer 12, index 1984, appears to be responsive to tokens that signal conditions, structures, or actions that are often associated with rules, stipulations, or necessities within a context. Let's analyze each example and piece together the pattern:",0.8597387671470642,"{'original_top': 0.2417469024658203, 'revised_top': 0.9097176194190979, 'original_random': 0.0, 'revised_random': 0.0}", be (0.134) |  order (0.112) |  discipline (0.111) |  if (0.108) |  giving (0.106)
13,13425,"The neuron at layer 13, index 13425, appears to activate strongly in response to tokens that convey concepts or actions related to protection, care, and preservation within positive or duty-bound contexts. ",0.7504337430000305,"{'original_top': 0.0, 'revised_top': 0.0, 'original_random': 0.0, 'revised_random': 0.0}", protect (0.139) |  care (0.136) |  fundamental (0.133) |  preserves (0.129) |  the (0.127)
14,303,"This neuron's activations seem to suggest it is detecting a pattern related to concepts about fairness, unity, and social cohesion. Let's break down each example to understand more about what the neuron is responding to:",0.962651789188385,"{'original_top': 0.15724271535873413, 'revised_top': -0.434958815574646, 'original_random': 0.0, 'revised_random': 0.0}",", (0.175) |  friendly (0.151) |  and (0.150) |  one (0.135) |  equitable (0.133)"
14,1718,"This neuron (layer 14, index 1718) responds to specific patterns that involve punctuation or non-standard token sequences, often in contexts where a transition or separation is implicitly indicated. Let's break down the activation triggers:",0.7094748020172119,"{'original_top': 0.6144921779632568, 'revised_top': 0.0, 'original_random': 0.0, 'revised_random': -0.2500000298023224}", of (0.131) | ’ (0.083) |  silence (0.074) | ph (0.057) | ph (0.057)
14,2047,"The neuron in layer 14, index 2047 appears to be responsive to concepts that relate to meaningful or impactful human actions, particularly those emphasizing assistance, loyalty, and the display of positive human qualities within a moral or altruistic context. Here’s an analysis of the activation pattern based on the provided examples:",0.9625953435897827,"{'original_top': 0.6865994334220886, 'revised_top': 0.3125593364238739, 'original_random': 0.0, 'revised_random': 0.0}", to (0.471) |  stranger (0.376) |  act (0.360) |  expertise (0.344) |  but (0.288)
14,10231,"Based on the provided examples, neuron 10231 in layer 14 appears to respond to linguistic patterns related to ideas of fairness, inclusivity, and compliance with societal norms or expectations. Let's break down the observed patterns:",0.785677433013916,"{'original_top': 0.5222329497337341, 'revised_top': 0.1827140599489212, 'original_random': 0.0, 'revised_random': 0.0}", one (0.290) |  lawful (0.159) |  a (0.148) |  when (0.131) |  children (0.130)
16,4420,"The neuron at layer 16, index 4420 appears to detect tokens related to social constructs or concepts signifying roles, values, or qualities within a societal or organizational framework. Here's a breakdown of its activation pattern:",0.8769771456718445,"{'original_top': -0.13927149772644043, 'revised_top': -0.6985353827476501, 'original_random': 0.0, 'revised_random': 0.0}", social (0.110) |  brand (0.107) |  liberated (0.105) |  rank (0.105) |  loyalty (0.103)
16,6638,"The neuron in question (layer 16, index 6638) appears to be highly responsive to linguistic structures that involve a list or enumeration pattern within a sentence. This pattern often includes:",0.5825697779655457,"{'original_top': -0.6937915682792664, 'revised_top': 0.1336306482553482, 'original_random': 0.0, 'revised_random': 0.0}"," communal (0.097) | , (0.085) |  or (0.084) | , (0.077) |  or (0.077)"
17,10981,"This neuron appears to be detecting tokens related to themes of empathy, support, and positive social interaction within emotionally supportive contexts. Here's a breakdown of the pattern it responds to:",0.9437270164489746,"{'original_top': -0.3202563226222992, 'revised_top': -0.11973683536052704, 'original_random': 0.0, 'revised_random': 0.0}",’ (0.387) |  with (0.369) |  support (0.283) |  kindly (0.281) |  a (0.258)
17,11326,"Based on the examples provided, neuron 11326 in layer 17 appears to be responsive to tokens and contexts that convey the concept of exemplifying or signifying a particular quality or value through specific actions or attributes. The neuron activates in contexts where the notion of demonstrating, signifying, or emphasizing a moral, ethical, or societal value is present. Here's a detailed analysis of the patterns:",0.9490342140197754,"{'original_top': 0.5144957900047302, 'revised_top': 0.3535533547401428, 'original_random': 0.0, 'revised_random': 0.0}", demonstrates (0.106) |  to (0.097) |  a (0.097) |  loyalty (0.097) |  safety (0.096)
18,154,"This neuron (layer 18, index 154) appears to activate in response to linguistic patterns that emphasize maintaining order, decorum, or community integrity. The underlying theme across the examples suggests that the neuron is sensitive to language that pertains to social norms or practices which uphold collective harmony or structure.",0.6811764240264893,"{'original_top': -0.5345224738121033, 'revised_top': 0.2941741645336151, 'original_random': 0.0, 'revised_random': -0.37998032569885254}", rules (0.159) |  or (0.130) |  sense (0.124) |  collective (0.122) |  formal (0.121)
18,883,"This neuron, located at layer 18, index 883, activates in relation to periods (.) that conclude statements carrying a particular thematic structure or sentiment. Analyzing the provided examples, the neuron's activation consistently occurs at the period that ends sentences structured in a specific way.",0.8977214097976685,"{'original_top': -0.5423262119293213, 'revised_top': -0.6575959324836731, 'original_random': 0.0, 'revised_random': 0.0}",. (2.843) | . (2.674) | . (2.433) | . (2.426) | . (2.248)
18,3404,"The neuron's activation pattern suggests that it is sensitive to prepositions and conjunctions that are pivotal in indicating purpose, relationships, or contrasts within a sentence. Let's break down the specific activations:",0.8284237384796143,"{'original_top': 0.0, 'revised_top': 0.0, 'original_random': 0.0, 'revised_random': 0.0}", from (0.150) |  for (0.149) |  to (0.145) |  or (0.145) |  out (0.145)
19,82,"This neuron, located at layer 19, index 82, appears to respond to linguistic patterns related to the expression of ethical or virtuous ideas, particularly when these ideas are contextualized with respect to social norms and empathy.",0.9618082046508789,"{'original_top': 0.0, 'revised_top': 0.1961161196231842, 'original_random': 0.0, 'revised_random': 0.0}", life (0.225) |  policies (0.180) | income (0.173) | ’ (0.172) |  moral (0.170)
19,8658,"This neuron (layer 19, index 8658) appears to respond to linguistic patterns associated with moral or ethical guidance within a sentence. Here's a breakdown of the observed activation patterns:",0.9674336314201355,"{'original_top': 0.3162277340888977, 'revised_top': 0.20707885921001434, 'original_random': 0.0, 'revised_random': 0.0}",. (0.388) |  and (0.383) |  direction (0.334) |  listen (0.321) | . (0.303)
20,9329,"The neuron in question (layer 20, index 9329) seems to activate in contexts that involve elements of tradition, social rituals, or moral/ethical considerations, often framed within phrases that emphasize values or duties.",0.7877843976020813,"{'original_top': -0.26296180486679077, 'revised_top': -0.5834599733352661, 'original_random': 0.30012252926826477, 'revised_random': 0.0}"," secrets (0.130) |  meals (0.072) |  time (0.071) |  fosters (0.069) | , (0.068)"
20,9583,"The neuron in question (layer 20, index 9583) appears to activate in response to specific morphological and contextual patterns related to constructed or partial tokens, often in the middle or end of words. Here's a breakdown of the pattern this neuron responds to:",0.5856507420539856,"{'original_top': 0.0, 'revised_top': 0.0, 'original_random': 0.0, 'revised_random': 0.0}", independence (0.196) | oring (0.192) | oring (0.192) | oring (0.192) | ph (0.189)
21,7100,"The neuron in question appears to respond to tokens that play a critical role in asserting inclusivity, equality, or shared values. Here's a detailed breakdown:",0.8923177719116211,"{'original_top': 0.6710944175720215, 'revised_top': 0.4313310980796814, 'original_random': 0.5303300619125366, 'revised_random': 0.0}", no (0.129) |  to (0.117) |  sense (0.108) |  sense (0.105) |  that (0.100)
22,9482,"The neuron in layer 22, index 9482, appears to be sensitive to tokens that are associated with themes of value, significance, or fundamental aspects within a context. Here’s a detailed analysis of the activation pattern:",0.9386163949966431,"{'original_top': 0.0, 'revised_top': 0.0, 'original_random': 0.0, 'revised_random': 0.0}", loyalty (0.081) |  items (0.078) |  abroad (0.074) |  expression (0.072) |  expression (0.070)
23,86,"Based on the examples provided, neuron (layer 23, index 86) appears to activate in response to nouns that denote formal or organized structures and roles within societal or communal systems. There is a strong emphasis on words that relate to elements of social, cultural, organizational, or traditionally established systems.",0.8798501491546631,"{'original_top': 0.8660253882408142, 'revised_top': 0.8067843317985535, 'original_random': 0.0, 'revised_random': 0.0}", forms (0.080) |  offices (0.076) |  direction (0.074) |  staff (0.072) |  community (0.069)
23,128,"The neuron in layer 23, index 128, appears to activate in contexts related to expressions of conditions, evaluations, or categorizations based on specific criteria or qualities. Here's a breakdown of how it responds to each example provided:",0.8704326152801514,"{'original_top': 0.5057804584503174, 'revised_top': 0.457495778799057, 'original_random': 0.0, 'revised_random': 0.0}", on (0.449) |  is (0.293) | . (0.259) |  financial (0.256) |  a (0.240)
23,4010,"This neuron (layer 23, index 4010) appears to detect contexts that signify the completion or formal recognition of significant concepts, often through punctuation or specific word choices.",0.6587128043174744,"{'original_top': 0.9508170485496521, 'revised_top': 0.9357789754867554, 'original_random': 0.0, 'revised_random': 0.0}",ations (0.229) |  address (0.195) | . (0.188) | . (0.171) | . (0.166)
23,5963,"This neuron appears to respond to terms and contexts that convey morally or ethically positive actions, qualities, or environments. Let's break down the patterns observed across the examples:",0.7712550163269043,"{'original_top': -0.4225771129131317, 'revised_top': -0.22360679507255554, 'original_random': 0.0, 'revised_random': 0.0}"," individuals (1.083) |  sense (1.003) | , (0.958) |  spaces (0.938) |  act (0.917)"
23,7297,"The neuron in question (layer 23, index 7297) appears to activate strongly in the context of relational or supportive interactions, specifically in sentences that describe providing emotional or moral support to others.",0.8465234041213989,"{'original_top': 0.0, 'revised_top': 0.6611862182617188, 'original_random': 0.0, 'revised_random': 0.0}", who (1.952) |  who (1.333) |  who (0.848) |  someone (0.798) |  when (0.627)
23,10673,"The neuron in layer 23, index 10673, seems to be detecting a specific linguistic pattern related to contextual elements surrounding preparatory or supportive actions, decisions, or preparations within a sentence. Let's delve into the examples to unravel this pattern:",0.7448453903198242,"{'original_top': 0.9630868434906006, 'revised_top': 0.8091548085212708, 'original_random': 0.0, 'revised_random': 0.0}", certain (0.108) |  avoiding (0.103) |  for (0.089) |  in (0.078) |  your (0.071)
24,476,"This neuron (layer 24, index 476) appears to respond to a pattern involving certain grammatical structures or repetition of words or morphemes within a sentence. Here's a breakdown of when and why the neuron likely activates, based on the provided examples:",0.32673197984695435,"{'original_top': 0.279508501291275, 'revised_top': 0.0, 'original_random': 0.0, 'revised_random': 0.0}", have (0.334) |  done (0.208) |  have (0.144) | ve (0.133) |  efforts (0.101)
24,2804,"This neuron (layer 24, index 2804) appears to be highly sensitive to a pattern involving repeated sequences or potential redundancies and certain noun forms that are contextually notable or carry specific connotations.",0.45854151248931885,"{'original_top': -0.7583887577056885, 'revised_top': -0.8132501244544983, 'original_random': 0.0, 'revised_random': 0.0}", a (0.113) |  be (0.095) |  offenses (0.093) |  rescued (0.079) |  years (0.076)
24,3425,"The neuron at layer 24, index 3425 appears to be highly sensitive to language related to fairness, equality, and justice, particularly focusing on the concepts of impartiality and balanced distribution. Let's break down the activation pattern based on the examples provided:",0.919548511505127,"{'original_top': 0.6289708614349365, 'revised_top': 0.5041841864585876, 'original_random': 0.0, 'revised_random': 0.0}",s (0.133) |  true (0.112) |  reflect (0.087) |  fair (0.083) |  fair (0.083)
24,13565,"The neuron at layer 24, index 13565 is responding to linguistic patterns associated with commitment, responsibility, and personal virtue or integrity. Here's a detailed breakdown of its activation pattern:",0.7205049991607666,"{'original_top': 0.46770721673965454, 'revised_top': -1.9868215517249155e-08, 'original_random': 0.0, 'revised_random': 0.0}", in (0.204) |  accountable (0.193) |  commitment (0.170) |  lifestyle (0.169) |  through (0.164)
25,1203,"The activations for neuron (layer 25, index 1203) suggest that it is highly responsive to contexts involving abstract concepts of necessity, moral support, or responsibility. Let's break down the observed patterns:",0.9835526943206787,"{'original_top': 0.7637626528739929, 'revised_top': -0.984731912612915, 'original_random': 0.0, 'revised_random': 0.0}",re (0.214) |  to (0.203) |  to (0.203) | re (0.161) | . (0.147)
25,9649,"Upon analyzing the examples provided for neuron activation, the following patterns and concepts emerge that suggest what this neuron (layer 25, index 9649) detects:",0.6490602493286133,"{'original_top': -0.6469966173171997, 'revised_top': -0.8741572499275208, 'original_random': 0.8583950996398926, 'revised_random': 0.970433235168457}", for (0.098) | ining (0.094) | s (0.094) |  process (0.094) |  in (0.088)
26,6625,"The activation pattern for neuron (layer 26, index 6625) suggests it responds to the presence of indefinite articles ""a"" and ""the,"" particularly when they embed the beginnings of noun phrases or when followed by interruptions in standard sentence flow that emphasize the article. Here's a detailed explanation of what triggers the neuron's activation:",0.7113307118415833,"{'original_top': -0.5773501992225647, 'revised_top': -0.4402254521846771, 'original_random': 0.9911996722221375, 'revised_random': 0.9918366074562073}", the (0.226) |  a (0.185) |  a (0.185) |  a (0.179) |  a (0.170)
28,8428,"The neuron in question (layer 28, index 8428) appears to be responding to linguistic patterns involving the preservation or protection of symbolic or revered qualities in a context. Here's a detailed breakdown of the activation pattern:",0.9049633741378784,"{'original_top': 7.450580596923828e-09, 'revised_top': -0.08276058733463287, 'original_random': 0.0, 'revised_random': 0.0}", a (0.262) |  their (0.243) |  free (0.242) |  protects (0.242) |  their (0.230)
28,10813,"The neuron at layer 28, index 10813, appears to respond to linguistic structures that indicate principles of fairness, impartiality, or truthfulness, often embodied in contexts of ethics or objectivity. ",0.7422335147857666,"{'original_top': -0.9724465012550354, 'revised_top': -0.9844715595245361, 'original_random': -0.5624999403953552, 'revised_random': 0.0}", real (0.183) |  to (0.142) |  not (0.133) |  favor (0.130) |  no (0.108)
28,12443,"The neuron in question (layer 28, index 12443) appears to respond to concepts related to expressions of reverence, protection, comfort, morality, and adversity, especially in contexts that evoke a sense of duty, empathy, or community values.",0.8673509955406189,"{'original_top': -0.21004202961921692, 'revised_top': -0.0800640657544136, 'original_random': 0.0, 'revised_random': 0.0}","ently (0.108) | , (0.102) | ing (0.097) |  severe (0.096) |  when (0.094)"
29,1553,"The neuron in layer 29, index 1553, appears to be responding to patterns related to inclusivity, community, and egalitarian concepts. Let's break down the activation patterns for more clarity:",0.846684992313385,"{'original_top': -0.10783277451992035, 'revised_top': 0.730296790599823, 'original_random': 0.0, 'revised_random': 0.0}", can (0.284) |  employees (0.214) |  compassionate (0.208) |  and (0.207) |  your (0.203)
29,12749,"This neuron appears to respond to the presence of phrases or tokens indicative of completeness or conclusion, with a nuanced sensitivity towards both punctuation and specific forms of language that signify a closed action or state.",0.9466911554336548,"{'original_top': 0.6000992059707642, 'revised_top': 0.0, 'original_random': 0.0, 'revised_random': 0.0}",. (0.061) |  community (0.061) | . (0.057) | . (0.054) | arily (0.052)
31,7661,"This neuron appears to respond to tokens associated with themes of support, openness, and positive interaction within societal or community contexts. Let's break down the observed activations:",0.8503520488739014,"{'original_top': -0.3333333134651184, 'revised_top': 0.12414088845252991, 'original_random': 0.0, 'revised_random': 0.0}", open (0.159) |  free (0.147) |  fosters (0.144) |  times (0.141) | . (0.135)
35,9342,"Based on the examples provided, the neuron at layer 35, index 9342 appears to be responding to a specific linguistic pattern related to the expression of reverence, importance, or significance, often in a formal or respectful context. Here’s a detailed breakdown of the patterns and themes that likely trigger the neuron’s activation:",0.9633049368858337,"{'original_top': 0.8385255336761475, 'revised_top': -0.6123724579811096, 'original_random': 0.0, 'revised_random': 0.0}"," is (2.487) |  is (2.462) |  is (2.327) | , (2.083) | ness (2.079)"
38,11109,"The neuron in layer 38, index 11109, appears to be responding to the closure of statements that convey a sense of definitive, positive conclusions or affirmations. The activation often occurs around tokens that either conclude a thought or signify a demarcation within a sentence. Let's examine the specific patterns:",0.9364922642707825,"{'original_top': 0.04583496227860451, 'revised_top': -0.866025447845459, 'original_random': 0.0, 'revised_random': 0.0}",. (0.106) |  sign (0.098) | . (0.094) |  or (0.085) | . (0.083)
38,11996,"The neuron's activations suggest it is sensitive to contexts where the token serves to introduce or emphasize a concept that reinforces a value, principle, or category related to traditions, responsibilities, or the interpersonal dynamics involved in harmonious social interactions. ",0.9470128417015076,"{'original_top': 0.8255007863044739, 'revised_top': 0.7239595651626587, 'original_random': 0.0, 'revised_random': 0.0}", for (0.636) |  down (0.568) |  more (0.340) |  can (0.327) |  can (0.324)
39,5546,"This neuron in layer 39, index 5546, appears to respond to concepts related to fundamental human rights and principles, particularly focusing on autonomy and entitlements.",0.9867827296257019,"{'original_top': 0.5222329497337341, 'revised_top': 0.5, 'original_random': 0.0, 'revised_random': 0.0}", water (0.162) |  election (0.153) | ize (0.150) |  body (0.149) |  right (0.144)
39,13163,"The neuron in layer 39, index 13163, appears to respond to tokens that are parts of or suggest terms related to forms of respect, reverence, or adherence to rules and recommendations. Here's a breakdown of the activation patterns based on the given examples:",0.9530417323112488,"{'original_top': 0.6472906470298767, 'revised_top': 0.0, 'original_random': 0.0, 'revised_random': 0.0}",olunt (0.023) | her (0.020) | fra (0.014) |  advis (0.013) |  rever (0.011)
40,9343,"This neuron appears to heavily activate at the beginning of sentences or statements, indicated by its strong response to the `<bos>` (beginning of sentence) token. The activation strength is consistently high at these instances, suggesting it is particularly sensitive to sentence initialization or new segments of text.",0.1666194647550583,"{'original_top': -0.133630633354187, 'revised_top': 0.0, 'original_random': 0.0, 'revised_random': 0.0}", do (0.824) | <bos> (0.029) | <bos> (0.029) | <bos> (0.029) | <bos> (0.029)
41,11298,"The neuron in question (layer 41, index 11298) appears to be highly sensitive to the concept of ""respect"" and associated ceremonial or deferential actions, reflected in its activation patterns. Let's analyze the examples to provide a clear, specific explanation of what triggers this neuron:",0.7799955606460571,"{'original_top': 0.0, 'revised_top': 0.0, 'original_random': 0.0, 'revised_random': 0.0}",Bow (0.997) | Respect (0.992) | Respect (0.992) | Respect (0.992) | Respect (0.992)
